clip_id,event_type,event_family,frame,window_start,window_end,subject,object,line_name,confidence,factor_confidence,num_frames,clip_path,payload_path,label,notes
CONFIRMED_RAIDER_DEFENDER_CONTACT_f00326_s4_o7,CONFIRMED_RAIDER_DEFENDER_CONTACT,HHI,326,309,336,4,7,,0.5821210587947404,0.5363442214650004,28,Videos\classifier_dataset\CONFIRMED_RAIDER_DEFENDER_CONTACT\CONFIRMED_RAIDER_DEFENDER_CONTACT_f00326_s4_o7.mp4,Videos\classifier_dataset\CONFIRMED_RAIDER_DEFENDER_CONTACT\CONFIRMED_RAIDER_DEFENDER_CONTACT_f00326_s4_o7.json,,
CONFIRMED_RAIDER_DEFENDER_CONTACT_f00440_s4_o6,CONFIRMED_RAIDER_DEFENDER_CONTACT,HHI,440,417,450,4,6,,0.5805273686497398,0.4393910553676355,34,Videos\classifier_dataset\CONFIRMED_RAIDER_DEFENDER_CONTACT\CONFIRMED_RAIDER_DEFENDER_CONTACT_f00440_s4_o6.mp4,Videos\classifier_dataset\CONFIRMED_RAIDER_DEFENDER_CONTACT\CONFIRMED_RAIDER_DEFENDER_CONTACT_f00440_s4_o6.json,,
CONFIRMED_RAIDER_DEFENDER_CONTACT_f00458_s4_o7,CONFIRMED_RAIDER_DEFENDER_CONTACT,HHI,458,447,468,4,7,,0.5806857972073519,0.5384432446777732,22,Videos\classifier_dataset\CONFIRMED_RAIDER_DEFENDER_CONTACT\CONFIRMED_RAIDER_DEFENDER_CONTACT_f00458_s4_o7.mp4,Videos\classifier_dataset\CONFIRMED_RAIDER_DEFENDER_CONTACT\CONFIRMED_RAIDER_DEFENDER_CONTACT_f00458_s4_o7.json,,
CONFIRMED_RAIDER_DEFENDER_CONTACT_f00479_s4_o7,CONFIRMED_RAIDER_DEFENDER_CONTACT,HHI,479,468,489,4,7,,0.6199014155275118,0.6550243119911578,22,Videos\classifier_dataset\CONFIRMED_RAIDER_DEFENDER_CONTACT\CONFIRMED_RAIDER_DEFENDER_CONTACT_f00479_s4_o7.mp4,Videos\classifier_dataset\CONFIRMED_RAIDER_DEFENDER_CONTACT\CONFIRMED_RAIDER_DEFENDER_CONTACT_f00479_s4_o7.json,,
CONFIRMED_RAIDER_DEFENDER_CONTACT_f00183_s0_o4,CONFIRMED_RAIDER_DEFENDER_CONTACT,HHI,183,172,193,0,4,,0.6919644441494921,0.5431084549152799,22,Videos\classifier_dataset\CONFIRMED_RAIDER_DEFENDER_CONTACT\CONFIRMED_RAIDER_DEFENDER_CONTACT_f00183_s0_o4.mp4,Videos\classifier_dataset\CONFIRMED_RAIDER_DEFENDER_CONTACT\CONFIRMED_RAIDER_DEFENDER_CONTACT_f00183_s0_o4.json,,
CONFIRMED_RAIDER_DEFENDER_CONTACT_f00184_s0_o5,CONFIRMED_RAIDER_DEFENDER_CONTACT,HHI,184,173,194,0,5,,0.5851463074775665,0.4149393129577558,22,Videos\classifier_dataset\CONFIRMED_RAIDER_DEFENDER_CONTACT\CONFIRMED_RAIDER_DEFENDER_CONTACT_f00184_s0_o5.mp4,Videos\classifier_dataset\CONFIRMED_RAIDER_DEFENDER_CONTACT\CONFIRMED_RAIDER_DEFENDER_CONTACT_f00184_s0_o5.json,,
CONFIRMED_RAIDER_DEFENDER_CONTACT_f00190_s0_o6,CONFIRMED_RAIDER_DEFENDER_CONTACT,HHI,190,177,200,0,6,,0.6278465469568687,0.539140631727804,24,Videos\classifier_dataset\CONFIRMED_RAIDER_DEFENDER_CONTACT\CONFIRMED_RAIDER_DEFENDER_CONTACT_f00190_s0_o6.mp4,Videos\classifier_dataset\CONFIRMED_RAIDER_DEFENDER_CONTACT\CONFIRMED_RAIDER_DEFENDER_CONTACT_f00190_s0_o6.json,,
CONFIRMED_RAIDER_DEFENDER_CONTACT_f00198_s0_o4,CONFIRMED_RAIDER_DEFENDER_CONTACT,HHI,198,187,208,0,4,,0.6484786741653294,0.7337447386779415,22,Videos\classifier_dataset\CONFIRMED_RAIDER_DEFENDER_CONTACT\CONFIRMED_RAIDER_DEFENDER_CONTACT_f00198_s0_o4.mp4,Videos\classifier_dataset\CONFIRMED_RAIDER_DEFENDER_CONTACT\CONFIRMED_RAIDER_DEFENDER_CONTACT_f00198_s0_o4.json,,
CONFIRMED_RAIDER_DEFENDER_CONTACT_f00207_s0_o1,CONFIRMED_RAIDER_DEFENDER_CONTACT,HHI,207,195,217,0,1,,0.6027218694609309,0.5066201078697801,23,Videos\classifier_dataset\CONFIRMED_RAIDER_DEFENDER_CONTACT\CONFIRMED_RAIDER_DEFENDER_CONTACT_f00207_s0_o1.mp4,Videos\classifier_dataset\CONFIRMED_RAIDER_DEFENDER_CONTACT\CONFIRMED_RAIDER_DEFENDER_CONTACT_f00207_s0_o1.json,,
CONFIRMED_RAIDER_DEFENDER_CONTACT_f00281_s0_o2,CONFIRMED_RAIDER_DEFENDER_CONTACT,HHI,281,262,291,0,2,,0.5815785920089537,0.5216874270305171,30,Videos\classifier_dataset\CONFIRMED_RAIDER_DEFENDER_CONTACT\CONFIRMED_RAIDER_DEFENDER_CONTACT_f00281_s0_o2.mp4,Videos\classifier_dataset\CONFIRMED_RAIDER_DEFENDER_CONTACT\CONFIRMED_RAIDER_DEFENDER_CONTACT_f00281_s0_o2.json,,
CONFIRMED_RAIDER_DEFENDER_CONTACT_f00287_s0_o5,CONFIRMED_RAIDER_DEFENDER_CONTACT,HHI,287,276,297,0,5,,0.5814106412182868,0.5755113828804643,22,Videos\classifier_dataset\CONFIRMED_RAIDER_DEFENDER_CONTACT\CONFIRMED_RAIDER_DEFENDER_CONTACT_f00287_s0_o5.mp4,Videos\classifier_dataset\CONFIRMED_RAIDER_DEFENDER_CONTACT\CONFIRMED_RAIDER_DEFENDER_CONTACT_f00287_s0_o5.json,,
CONFIRMED_RAIDER_DEFENDER_CONTACT_f00293_s0_o1,CONFIRMED_RAIDER_DEFENDER_CONTACT,HHI,293,281,303,0,1,,0.6722975624580397,0.5271792742061652,23,Videos\classifier_dataset\CONFIRMED_RAIDER_DEFENDER_CONTACT\CONFIRMED_RAIDER_DEFENDER_CONTACT_f00293_s0_o1.mp4,Videos\classifier_dataset\CONFIRMED_RAIDER_DEFENDER_CONTACT\CONFIRMED_RAIDER_DEFENDER_CONTACT_f00293_s0_o1.json,,
CONFIRMED_RAIDER_DEFENDER_CONTACT_f00106_s0_o1,CONFIRMED_RAIDER_DEFENDER_CONTACT,HHI,106,95,116,0,1,,0.6379928160906427,0.5126672509314103,22,Videos\classifier_dataset\CONFIRMED_RAIDER_DEFENDER_CONTACT\CONFIRMED_RAIDER_DEFENDER_CONTACT_f00106_s0_o1.mp4,Videos\classifier_dataset\CONFIRMED_RAIDER_DEFENDER_CONTACT\CONFIRMED_RAIDER_DEFENDER_CONTACT_f00106_s0_o1.json,,
CONFIRMED_RAIDER_DEFENDER_CONTACT_f00230_s0_o3,CONFIRMED_RAIDER_DEFENDER_CONTACT,HHI,230,219,240,0,3,,0.6693238745651932,0.533220472564869,22,Videos\classifier_dataset\CONFIRMED_RAIDER_DEFENDER_CONTACT\CONFIRMED_RAIDER_DEFENDER_CONTACT_f00230_s0_o3.mp4,Videos\classifier_dataset\CONFIRMED_RAIDER_DEFENDER_CONTACT\CONFIRMED_RAIDER_DEFENDER_CONTACT_f00230_s0_o3.json,,
CONFIRMED_RAIDER_DEFENDER_CONTACT_f00349_s0_o4,CONFIRMED_RAIDER_DEFENDER_CONTACT,HHI,349,336,359,0,4,,0.5802350969527063,0.5525355268055938,24,Videos\classifier_dataset\CONFIRMED_RAIDER_DEFENDER_CONTACT\CONFIRMED_RAIDER_DEFENDER_CONTACT_f00349_s0_o4.mp4,Videos\classifier_dataset\CONFIRMED_RAIDER_DEFENDER_CONTACT\CONFIRMED_RAIDER_DEFENDER_CONTACT_f00349_s0_o4.json,,
CONFIRMED_RAIDER_DEFENDER_CONTACT_f00430_s0_o3,CONFIRMED_RAIDER_DEFENDER_CONTACT,HHI,430,414,440,0,3,,0.5810048029603678,0.4293839151119488,27,Videos\classifier_dataset\CONFIRMED_RAIDER_DEFENDER_CONTACT\CONFIRMED_RAIDER_DEFENDER_CONTACT_f00430_s0_o3.mp4,Videos\classifier_dataset\CONFIRMED_RAIDER_DEFENDER_CONTACT\CONFIRMED_RAIDER_DEFENDER_CONTACT_f00430_s0_o3.json,,
CONFIRMED_RAIDER_DEFENDER_CONTACT_f00432_s0_o2,CONFIRMED_RAIDER_DEFENDER_CONTACT,HHI,432,420,442,0,2,,0.6233347507077819,0.57468026175061,23,Videos\classifier_dataset\CONFIRMED_RAIDER_DEFENDER_CONTACT\CONFIRMED_RAIDER_DEFENDER_CONTACT_f00432_s0_o2.mp4,Videos\classifier_dataset\CONFIRMED_RAIDER_DEFENDER_CONTACT\CONFIRMED_RAIDER_DEFENDER_CONTACT_f00432_s0_o2.json,,
CONFIRMED_RAIDER_DEFENDER_CONTACT_f00439_s0_o8,CONFIRMED_RAIDER_DEFENDER_CONTACT,HHI,439,428,449,0,8,,0.6646908548528562,0.6353836126761163,22,Videos\classifier_dataset\CONFIRMED_RAIDER_DEFENDER_CONTACT\CONFIRMED_RAIDER_DEFENDER_CONTACT_f00439_s0_o8.mp4,Videos\classifier_dataset\CONFIRMED_RAIDER_DEFENDER_CONTACT\CONFIRMED_RAIDER_DEFENDER_CONTACT_f00439_s0_o8.json,,
CONFIRMED_RAIDER_BONUS_TOUCH_f00467_s0_oBONUS,CONFIRMED_RAIDER_BONUS_TOUCH,HLI,467,456,477,0,BONUS,BONUS,0.6865609765052796,0.5,22,Videos\classifier_dataset\CONFIRMED_RAIDER_BONUS_TOUCH\CONFIRMED_RAIDER_BONUS_TOUCH_f00467_s0_oBONUS.mp4,Videos\classifier_dataset\CONFIRMED_RAIDER_BONUS_TOUCH\CONFIRMED_RAIDER_BONUS_TOUCH_f00467_s0_oBONUS.json,,
CONFIRMED_RAIDER_DEFENDER_CONTACT_f00469_s0_o8,CONFIRMED_RAIDER_DEFENDER_CONTACT,HHI,469,458,479,0,8,,0.6090414797190538,0.45716501149627325,22,Videos\classifier_dataset\CONFIRMED_RAIDER_DEFENDER_CONTACT\CONFIRMED_RAIDER_DEFENDER_CONTACT_f00469_s0_o8.mp4,Videos\classifier_dataset\CONFIRMED_RAIDER_DEFENDER_CONTACT\CONFIRMED_RAIDER_DEFENDER_CONTACT_f00469_s0_o8.json,,
CONFIRMED_RAIDER_DEFENDER_CONTACT_f00478_s0_o3,CONFIRMED_RAIDER_DEFENDER_CONTACT,HHI,478,467,488,0,3,,0.6729781176545087,0.5074778859560348,22,Videos\classifier_dataset\CONFIRMED_RAIDER_DEFENDER_CONTACT\CONFIRMED_RAIDER_DEFENDER_CONTACT_f00478_s0_o3.mp4,Videos\classifier_dataset\CONFIRMED_RAIDER_DEFENDER_CONTACT\CONFIRMED_RAIDER_DEFENDER_CONTACT_f00478_s0_o3.json,,
CONFIRMED_RAIDER_DEFENDER_CONTACT_f00524_s0_o1,CONFIRMED_RAIDER_DEFENDER_CONTACT,HHI,524,488,534,0,1,,0.5824089787319819,0.5108466798850696,47,Videos\classifier_dataset\CONFIRMED_RAIDER_DEFENDER_CONTACT\CONFIRMED_RAIDER_DEFENDER_CONTACT_f00524_s0_o1.mp4,Videos\classifier_dataset\CONFIRMED_RAIDER_DEFENDER_CONTACT\CONFIRMED_RAIDER_DEFENDER_CONTACT_f00524_s0_o1.json,,
CONFIRMED_RAIDER_DEFENDER_CONTACT_f00550_s0_o2,CONFIRMED_RAIDER_DEFENDER_CONTACT,HHI,550,539,560,0,2,,0.62854591177755,0.5806279372884188,22,Videos\classifier_dataset\CONFIRMED_RAIDER_DEFENDER_CONTACT\CONFIRMED_RAIDER_DEFENDER_CONTACT_f00550_s0_o2.mp4,Videos\classifier_dataset\CONFIRMED_RAIDER_DEFENDER_CONTACT\CONFIRMED_RAIDER_DEFENDER_CONTACT_f00550_s0_o2.json,,
CONFIRMED_RAIDER_DEFENDER_CONTACT_f00567_s0_o2,CONFIRMED_RAIDER_DEFENDER_CONTACT,HHI,567,556,577,0,2,,0.7284309882208091,0.7084576532950952,22,Videos\classifier_dataset\CONFIRMED_RAIDER_DEFENDER_CONTACT\CONFIRMED_RAIDER_DEFENDER_CONTACT_f00567_s0_o2.mp4,Videos\classifier_dataset\CONFIRMED_RAIDER_DEFENDER_CONTACT\CONFIRMED_RAIDER_DEFENDER_CONTACT_f00567_s0_o2.json,,
CONFIRMED_RAIDER_DEFENDER_CONTACT_f00568_s0_o5,CONFIRMED_RAIDER_DEFENDER_CONTACT,HHI,568,557,578,0,5,,0.6000786867837913,0.588443241293432,22,Videos\classifier_dataset\CONFIRMED_RAIDER_DEFENDER_CONTACT\CONFIRMED_RAIDER_DEFENDER_CONTACT_f00568_s0_o5.mp4,Videos\classifier_dataset\CONFIRMED_RAIDER_DEFENDER_CONTACT\CONFIRMED_RAIDER_DEFENDER_CONTACT_f00568_s0_o5.json,,
CONFIRMED_RAIDER_DEFENDER_CONTACT_f00596_s0_o2,CONFIRMED_RAIDER_DEFENDER_CONTACT,HHI,596,585,606,0,2,,0.6673843667832327,0.6704903359033942,22,Videos\classifier_dataset\CONFIRMED_RAIDER_DEFENDER_CONTACT\CONFIRMED_RAIDER_DEFENDER_CONTACT_f00596_s0_o2.mp4,Videos\classifier_dataset\CONFIRMED_RAIDER_DEFENDER_CONTACT\CONFIRMED_RAIDER_DEFENDER_CONTACT_f00596_s0_o2.json,,
CONFIRMED_RAIDER_DEFENDER_CONTACT_f00602_s0_o4,CONFIRMED_RAIDER_DEFENDER_CONTACT,HHI,602,591,612,0,4,,0.616490807959397,0.6086794506235902,22,Videos\classifier_dataset\CONFIRMED_RAIDER_DEFENDER_CONTACT\CONFIRMED_RAIDER_DEFENDER_CONTACT_f00602_s0_o4.mp4,Videos\classifier_dataset\CONFIRMED_RAIDER_DEFENDER_CONTACT\CONFIRMED_RAIDER_DEFENDER_CONTACT_f00602_s0_o4.json,,
CONFIRMED_RAIDER_DEFENDER_CONTACT_f00604_s0_o5,CONFIRMED_RAIDER_DEFENDER_CONTACT,HHI,604,593,614,0,5,,0.5826124682032028,0.5715498959032095,22,Videos\classifier_dataset\CONFIRMED_RAIDER_DEFENDER_CONTACT\CONFIRMED_RAIDER_DEFENDER_CONTACT_f00604_s0_o5.mp4,Videos\classifier_dataset\CONFIRMED_RAIDER_DEFENDER_CONTACT\CONFIRMED_RAIDER_DEFENDER_CONTACT_f00604_s0_o5.json,,
CONFIRMED_RAIDER_DEFENDER_CONTACT_f00605_s0_o3,CONFIRMED_RAIDER_DEFENDER_CONTACT,HHI,605,594,615,0,3,,0.6674838828933589,0.6215137958259265,22,Videos\classifier_dataset\CONFIRMED_RAIDER_DEFENDER_CONTACT\CONFIRMED_RAIDER_DEFENDER_CONTACT_f00605_s0_o3.mp4,Videos\classifier_dataset\CONFIRMED_RAIDER_DEFENDER_CONTACT\CONFIRMED_RAIDER_DEFENDER_CONTACT_f00605_s0_o3.json,,
CONFIRMED_RAIDER_DEFENDER_CONTACT_f00610_s0_o2,CONFIRMED_RAIDER_DEFENDER_CONTACT,HHI,610,596,620,0,2,,0.595040643026793,0.4217288489400448,25,Videos\classifier_dataset\CONFIRMED_RAIDER_DEFENDER_CONTACT\CONFIRMED_RAIDER_DEFENDER_CONTACT_f00610_s0_o2.mp4,Videos\classifier_dataset\CONFIRMED_RAIDER_DEFENDER_CONTACT\CONFIRMED_RAIDER_DEFENDER_CONTACT_f00610_s0_o2.json,,
CONFIRMED_RAIDER_DEFENDER_CONTACT_f00626_s0_o5,CONFIRMED_RAIDER_DEFENDER_CONTACT,HHI,626,615,636,0,5,,0.6089452301572965,0.5645819095549998,22,Videos\classifier_dataset\CONFIRMED_RAIDER_DEFENDER_CONTACT\CONFIRMED_RAIDER_DEFENDER_CONTACT_f00626_s0_o5.mp4,Videos\classifier_dataset\CONFIRMED_RAIDER_DEFENDER_CONTACT\CONFIRMED_RAIDER_DEFENDER_CONTACT_f00626_s0_o5.json,,
CONFIRMED_RAIDER_DEFENDER_CONTACT_f00637_s0_o4,CONFIRMED_RAIDER_DEFENDER_CONTACT,HHI,637,623,647,0,4,,0.5804376254638524,0.503439488550149,25,Videos\classifier_dataset\CONFIRMED_RAIDER_DEFENDER_CONTACT\CONFIRMED_RAIDER_DEFENDER_CONTACT_f00637_s0_o4.mp4,Videos\classifier_dataset\CONFIRMED_RAIDER_DEFENDER_CONTACT\CONFIRMED_RAIDER_DEFENDER_CONTACT_f00637_s0_o4.json,,
CONFIRMED_RAIDER_DEFENDER_CONTACT_f00708_s0_o8,CONFIRMED_RAIDER_DEFENDER_CONTACT,HHI,708,691,718,0,8,,0.5816694948466855,0.5192068153103784,28,Videos\classifier_dataset\CONFIRMED_RAIDER_DEFENDER_CONTACT\CONFIRMED_RAIDER_DEFENDER_CONTACT_f00708_s0_o8.mp4,Videos\classifier_dataset\CONFIRMED_RAIDER_DEFENDER_CONTACT\CONFIRMED_RAIDER_DEFENDER_CONTACT_f00708_s0_o8.json,,
CONFIRMED_RAIDER_DEFENDER_CONTACT_f00723_s0_o4,CONFIRMED_RAIDER_DEFENDER_CONTACT,HHI,723,712,733,0,4,,0.6399970446609335,0.5016859557685447,22,Videos\classifier_dataset\CONFIRMED_RAIDER_DEFENDER_CONTACT\CONFIRMED_RAIDER_DEFENDER_CONTACT_f00723_s0_o4.mp4,Videos\classifier_dataset\CONFIRMED_RAIDER_DEFENDER_CONTACT\CONFIRMED_RAIDER_DEFENDER_CONTACT_f00723_s0_o4.json,,
CONFIRMED_RAIDER_DEFENDER_CONTACT_f00071_s6_o5,CONFIRMED_RAIDER_DEFENDER_CONTACT,HHI,71,60,81,6,5,,0.7074244886191952,0.6069444193324117,22,Videos\classifier_dataset\CONFIRMED_RAIDER_DEFENDER_CONTACT\CONFIRMED_RAIDER_DEFENDER_CONTACT_f00071_s6_o5.mp4,Videos\classifier_dataset\CONFIRMED_RAIDER_DEFENDER_CONTACT\CONFIRMED_RAIDER_DEFENDER_CONTACT_f00071_s6_o5.json,,
CONFIRMED_RAIDER_DEFENDER_CONTACT_f00086_s6_o2,CONFIRMED_RAIDER_DEFENDER_CONTACT,HHI,86,73,96,6,2,,0.5915846561308382,0.45578061911356405,24,Videos\classifier_dataset\CONFIRMED_RAIDER_DEFENDER_CONTACT\CONFIRMED_RAIDER_DEFENDER_CONTACT_f00086_s6_o2.mp4,Videos\classifier_dataset\CONFIRMED_RAIDER_DEFENDER_CONTACT\CONFIRMED_RAIDER_DEFENDER_CONTACT_f00086_s6_o2.json,,
CONFIRMED_RAIDER_DEFENDER_CONTACT_f00104_s6_o1,CONFIRMED_RAIDER_DEFENDER_CONTACT,HHI,104,91,114,6,1,,0.5835478735651232,0.5334745826039854,24,Videos\classifier_dataset\CONFIRMED_RAIDER_DEFENDER_CONTACT\CONFIRMED_RAIDER_DEFENDER_CONTACT_f00104_s6_o1.mp4,Videos\classifier_dataset\CONFIRMED_RAIDER_DEFENDER_CONTACT\CONFIRMED_RAIDER_DEFENDER_CONTACT_f00104_s6_o1.json,,
CONFIRMED_RAIDER_DEFENDER_CONTACT_f00107_s6_o5,CONFIRMED_RAIDER_DEFENDER_CONTACT,HHI,107,81,117,6,5,,0.5821653849752784,0.49459818176230763,37,Videos\classifier_dataset\CONFIRMED_RAIDER_DEFENDER_CONTACT\CONFIRMED_RAIDER_DEFENDER_CONTACT_f00107_s6_o5.mp4,Videos\classifier_dataset\CONFIRMED_RAIDER_DEFENDER_CONTACT\CONFIRMED_RAIDER_DEFENDER_CONTACT_f00107_s6_o5.json,,
CONFIRMED_RAIDER_DEFENDER_CONTACT_f00122_s6_o5,CONFIRMED_RAIDER_DEFENDER_CONTACT,HHI,122,111,132,6,5,,0.7023434704189001,0.5992643996190276,22,Videos\classifier_dataset\CONFIRMED_RAIDER_DEFENDER_CONTACT\CONFIRMED_RAIDER_DEFENDER_CONTACT_f00122_s6_o5.mp4,Videos\classifier_dataset\CONFIRMED_RAIDER_DEFENDER_CONTACT\CONFIRMED_RAIDER_DEFENDER_CONTACT_f00122_s6_o5.json,,
CONFIRMED_RAIDER_DEFENDER_CONTACT_f00129_s6_o1,CONFIRMED_RAIDER_DEFENDER_CONTACT,HHI,129,118,139,6,1,,0.5851784171381944,0.5966207836368069,22,Videos\classifier_dataset\CONFIRMED_RAIDER_DEFENDER_CONTACT\CONFIRMED_RAIDER_DEFENDER_CONTACT_f00129_s6_o1.mp4,Videos\classifier_dataset\CONFIRMED_RAIDER_DEFENDER_CONTACT\CONFIRMED_RAIDER_DEFENDER_CONTACT_f00129_s6_o1.json,,
CONFIRMED_RAIDER_DEFENDER_CONTACT_f00154_s6_o1,CONFIRMED_RAIDER_DEFENDER_CONTACT,HHI,154,143,164,6,1,,0.6409563801851119,0.6132258827900503,22,Videos\classifier_dataset\CONFIRMED_RAIDER_DEFENDER_CONTACT\CONFIRMED_RAIDER_DEFENDER_CONTACT_f00154_s6_o1.mp4,Videos\classifier_dataset\CONFIRMED_RAIDER_DEFENDER_CONTACT\CONFIRMED_RAIDER_DEFENDER_CONTACT_f00154_s6_o1.json,,
CONFIRMED_RAIDER_DEFENDER_CONTACT_f00189_s6_o1,CONFIRMED_RAIDER_DEFENDER_CONTACT,HHI,189,178,199,6,1,,0.8592429190462223,0.831060059265641,22,Videos\classifier_dataset\CONFIRMED_RAIDER_DEFENDER_CONTACT\CONFIRMED_RAIDER_DEFENDER_CONTACT_f00189_s6_o1.mp4,Videos\classifier_dataset\CONFIRMED_RAIDER_DEFENDER_CONTACT\CONFIRMED_RAIDER_DEFENDER_CONTACT_f00189_s6_o1.json,,
CONFIRMED_RAIDER_DEFENDER_CONTACT_f00197_s2_o5,CONFIRMED_RAIDER_DEFENDER_CONTACT,HHI,197,186,207,2,5,,0.597437726127551,0.5681027438924859,22,Videos\classifier_dataset\CONFIRMED_RAIDER_DEFENDER_CONTACT\CONFIRMED_RAIDER_DEFENDER_CONTACT_f00197_s2_o5.mp4,Videos\classifier_dataset\CONFIRMED_RAIDER_DEFENDER_CONTACT\CONFIRMED_RAIDER_DEFENDER_CONTACT_f00197_s2_o5.json,,
CONFIRMED_RAIDER_DEFENDER_CONTACT_f00202_s2_o3,CONFIRMED_RAIDER_DEFENDER_CONTACT,HHI,202,191,212,2,3,,0.6853543444044263,0.5166639495807069,22,Videos\classifier_dataset\CONFIRMED_RAIDER_DEFENDER_CONTACT\CONFIRMED_RAIDER_DEFENDER_CONTACT_f00202_s2_o3.mp4,Videos\classifier_dataset\CONFIRMED_RAIDER_DEFENDER_CONTACT\CONFIRMED_RAIDER_DEFENDER_CONTACT_f00202_s2_o3.json,,
CONFIRMED_RAIDER_DEFENDER_CONTACT_f00079_s3_o2,CONFIRMED_RAIDER_DEFENDER_CONTACT,HHI,79,60,89,3,2,,0.581632997833974,0.4451662655753069,30,Videos\classifier_dataset\CONFIRMED_RAIDER_DEFENDER_CONTACT\CONFIRMED_RAIDER_DEFENDER_CONTACT_f00079_s3_o2.mp4,Videos\classifier_dataset\CONFIRMED_RAIDER_DEFENDER_CONTACT\CONFIRMED_RAIDER_DEFENDER_CONTACT_f00079_s3_o2.json,,
CONFIRMED_RAIDER_DEFENDER_CONTACT_f00239_s3_o2,CONFIRMED_RAIDER_DEFENDER_CONTACT,HHI,239,224,249,3,2,,0.5815885527999809,0.39488407573888956,26,Videos\classifier_dataset\CONFIRMED_RAIDER_DEFENDER_CONTACT\CONFIRMED_RAIDER_DEFENDER_CONTACT_f00239_s3_o2.mp4,Videos\classifier_dataset\CONFIRMED_RAIDER_DEFENDER_CONTACT\CONFIRMED_RAIDER_DEFENDER_CONTACT_f00239_s3_o2.json,,
CONFIRMED_RAIDER_DEFENDER_CONTACT_f00242_s3_o0,CONFIRMED_RAIDER_DEFENDER_CONTACT,HHI,242,224,252,3,0,,0.58160795159256,0.5061628864982608,29,Videos\classifier_dataset\CONFIRMED_RAIDER_DEFENDER_CONTACT\CONFIRMED_RAIDER_DEFENDER_CONTACT_f00242_s3_o0.mp4,Videos\classifier_dataset\CONFIRMED_RAIDER_DEFENDER_CONTACT\CONFIRMED_RAIDER_DEFENDER_CONTACT_f00242_s3_o0.json,,
CONFIRMED_RAIDER_DEFENDER_CONTACT_f00260_s3_o8,CONFIRMED_RAIDER_DEFENDER_CONTACT,HHI,260,249,270,3,8,,0.6055427553405635,0.43637222105023055,22,Videos\classifier_dataset\CONFIRMED_RAIDER_DEFENDER_CONTACT\CONFIRMED_RAIDER_DEFENDER_CONTACT_f00260_s3_o8.mp4,Videos\classifier_dataset\CONFIRMED_RAIDER_DEFENDER_CONTACT\CONFIRMED_RAIDER_DEFENDER_CONTACT_f00260_s3_o8.json,,
CONFIRMED_RAIDER_DEFENDER_CONTACT_f00318_s3_o0,CONFIRMED_RAIDER_DEFENDER_CONTACT,HHI,318,307,328,3,0,,0.6847063763334191,0.6517017740492612,22,Videos\classifier_dataset\CONFIRMED_RAIDER_DEFENDER_CONTACT\CONFIRMED_RAIDER_DEFENDER_CONTACT_f00318_s3_o0.mp4,Videos\classifier_dataset\CONFIRMED_RAIDER_DEFENDER_CONTACT\CONFIRMED_RAIDER_DEFENDER_CONTACT_f00318_s3_o0.json,,
CONFIRMED_RAIDER_DEFENDER_CONTACT_f00180_s4_o0,CONFIRMED_RAIDER_DEFENDER_CONTACT,HHI,180,167,190,4,0,,0.6163994174381284,0.45353820452595456,24,Videos\classifier_dataset\CONFIRMED_RAIDER_DEFENDER_CONTACT\CONFIRMED_RAIDER_DEFENDER_CONTACT_f00180_s4_o0.mp4,Videos\classifier_dataset\CONFIRMED_RAIDER_DEFENDER_CONTACT\CONFIRMED_RAIDER_DEFENDER_CONTACT_f00180_s4_o0.json,,
CONFIRMED_RAIDER_DEFENDER_CONTACT_f00186_s4_o3,CONFIRMED_RAIDER_DEFENDER_CONTACT,HHI,186,160,196,4,3,,0.5815139904738619,0.4418295361402516,37,Videos\classifier_dataset\CONFIRMED_RAIDER_DEFENDER_CONTACT\CONFIRMED_RAIDER_DEFENDER_CONTACT_f00186_s4_o3.mp4,Videos\classifier_dataset\CONFIRMED_RAIDER_DEFENDER_CONTACT\CONFIRMED_RAIDER_DEFENDER_CONTACT_f00186_s4_o3.json,,
CONFIRMED_RAIDER_DEFENDER_CONTACT_f00225_s4_o8,CONFIRMED_RAIDER_DEFENDER_CONTACT,HHI,225,214,235,4,8,,0.6462343796377665,0.4540184995247144,22,Videos\classifier_dataset\CONFIRMED_RAIDER_DEFENDER_CONTACT\CONFIRMED_RAIDER_DEFENDER_CONTACT_f00225_s4_o8.mp4,Videos\classifier_dataset\CONFIRMED_RAIDER_DEFENDER_CONTACT\CONFIRMED_RAIDER_DEFENDER_CONTACT_f00225_s4_o8.json,,
CONFIRMED_RAIDER_DEFENDER_CONTACT_f00071_s1_o2,CONFIRMED_RAIDER_DEFENDER_CONTACT,HHI,71,60,81,1,2,,0.7916768500888594,0.7503883117646595,22,Videos\classifier_dataset\CONFIRMED_RAIDER_DEFENDER_CONTACT\CONFIRMED_RAIDER_DEFENDER_CONTACT_f00071_s1_o2.mp4,Videos\classifier_dataset\CONFIRMED_RAIDER_DEFENDER_CONTACT\CONFIRMED_RAIDER_DEFENDER_CONTACT_f00071_s1_o2.json,,
CONFIRMED_RAIDER_DEFENDER_CONTACT_f00075_s1_o5,CONFIRMED_RAIDER_DEFENDER_CONTACT,HHI,75,64,85,1,5,,0.6078099852018708,0.5980608178211135,22,Videos\classifier_dataset\CONFIRMED_RAIDER_DEFENDER_CONTACT\CONFIRMED_RAIDER_DEFENDER_CONTACT_f00075_s1_o5.mp4,Videos\classifier_dataset\CONFIRMED_RAIDER_DEFENDER_CONTACT\CONFIRMED_RAIDER_DEFENDER_CONTACT_f00075_s1_o5.json,,
CONFIRMED_RAIDER_DEFENDER_CONTACT_f00082_s1_o2,CONFIRMED_RAIDER_DEFENDER_CONTACT,HHI,82,71,92,1,2,,0.6169838291410457,0.5811843827376393,22,Videos\classifier_dataset\CONFIRMED_RAIDER_DEFENDER_CONTACT\CONFIRMED_RAIDER_DEFENDER_CONTACT_f00082_s1_o2.mp4,Videos\classifier_dataset\CONFIRMED_RAIDER_DEFENDER_CONTACT\CONFIRMED_RAIDER_DEFENDER_CONTACT_f00082_s1_o2.json,,
CONFIRMED_RAIDER_BAULK_TOUCH_f00083_s1_oBAULK,CONFIRMED_RAIDER_BAULK_TOUCH,HLI,83,60,93,1,BAULK,BAULK,0.6205626107429272,0.5,34,Videos\classifier_dataset\CONFIRMED_RAIDER_BAULK_TOUCH\CONFIRMED_RAIDER_BAULK_TOUCH_f00083_s1_oBAULK.mp4,Videos\classifier_dataset\CONFIRMED_RAIDER_BAULK_TOUCH\CONFIRMED_RAIDER_BAULK_TOUCH_f00083_s1_oBAULK.json,,
CONFIRMED_RAIDER_DEFENDER_CONTACT_f00182_s1_o5,CONFIRMED_RAIDER_DEFENDER_CONTACT,HHI,182,170,192,1,5,,0.5922576426947168,0.5622295437961945,23,Videos\classifier_dataset\CONFIRMED_RAIDER_DEFENDER_CONTACT\CONFIRMED_RAIDER_DEFENDER_CONTACT_f00182_s1_o5.mp4,Videos\classifier_dataset\CONFIRMED_RAIDER_DEFENDER_CONTACT\CONFIRMED_RAIDER_DEFENDER_CONTACT_f00182_s1_o5.json,,
CONFIRMED_RAIDER_DEFENDER_CONTACT_f00209_s1_o6,CONFIRMED_RAIDER_DEFENDER_CONTACT,HHI,209,198,219,1,6,,0.5994106833739584,0.5701179664839073,22,Videos\classifier_dataset\CONFIRMED_RAIDER_DEFENDER_CONTACT\CONFIRMED_RAIDER_DEFENDER_CONTACT_f00209_s1_o6.mp4,Videos\classifier_dataset\CONFIRMED_RAIDER_DEFENDER_CONTACT\CONFIRMED_RAIDER_DEFENDER_CONTACT_f00209_s1_o6.json,,
CONFIRMED_RAIDER_DEFENDER_CONTACT_f00316_s1_o0,CONFIRMED_RAIDER_DEFENDER_CONTACT,HHI,316,305,326,1,0,,0.5945468026371745,0.5767846003105115,22,Videos\classifier_dataset\CONFIRMED_RAIDER_DEFENDER_CONTACT\CONFIRMED_RAIDER_DEFENDER_CONTACT_f00316_s1_o0.mp4,Videos\classifier_dataset\CONFIRMED_RAIDER_DEFENDER_CONTACT\CONFIRMED_RAIDER_DEFENDER_CONTACT_f00316_s1_o0.json,,
CONFIRMED_RAIDER_DEFENDER_CONTACT_f00343_s1_o8,CONFIRMED_RAIDER_DEFENDER_CONTACT,HHI,343,330,353,1,8,,0.5938548706438898,0.50168964824745,24,Videos\classifier_dataset\CONFIRMED_RAIDER_DEFENDER_CONTACT\CONFIRMED_RAIDER_DEFENDER_CONTACT_f00343_s1_o8.mp4,Videos\classifier_dataset\CONFIRMED_RAIDER_DEFENDER_CONTACT\CONFIRMED_RAIDER_DEFENDER_CONTACT_f00343_s1_o8.json,,
CONFIRMED_RAIDER_DEFENDER_CONTACT_f00398_s1_o8,CONFIRMED_RAIDER_DEFENDER_CONTACT,HHI,398,387,408,1,8,,0.6149898384873318,0.569704973415595,22,Videos\classifier_dataset\CONFIRMED_RAIDER_DEFENDER_CONTACT\CONFIRMED_RAIDER_DEFENDER_CONTACT_f00398_s1_o8.mp4,Videos\classifier_dataset\CONFIRMED_RAIDER_DEFENDER_CONTACT\CONFIRMED_RAIDER_DEFENDER_CONTACT_f00398_s1_o8.json,,
CONFIRMED_RAIDER_DEFENDER_CONTACT_f00405_s1_o6,CONFIRMED_RAIDER_DEFENDER_CONTACT,HHI,405,394,415,1,6,,0.6680890820783884,0.5837070401416495,22,Videos\classifier_dataset\CONFIRMED_RAIDER_DEFENDER_CONTACT\CONFIRMED_RAIDER_DEFENDER_CONTACT_f00405_s1_o6.mp4,Videos\classifier_dataset\CONFIRMED_RAIDER_DEFENDER_CONTACT\CONFIRMED_RAIDER_DEFENDER_CONTACT_f00405_s1_o6.json,,
CONFIRMED_RAIDER_DEFENDER_CONTACT_f00419_s1_o5,CONFIRMED_RAIDER_DEFENDER_CONTACT,HHI,419,408,429,1,5,,0.6608200310198787,0.5142996605556021,22,Videos\classifier_dataset\CONFIRMED_RAIDER_DEFENDER_CONTACT\CONFIRMED_RAIDER_DEFENDER_CONTACT_f00419_s1_o5.mp4,Videos\classifier_dataset\CONFIRMED_RAIDER_DEFENDER_CONTACT\CONFIRMED_RAIDER_DEFENDER_CONTACT_f00419_s1_o5.json,,
CONFIRMED_RAIDER_DEFENDER_CONTACT_f00426_s1_o0,CONFIRMED_RAIDER_DEFENDER_CONTACT,HHI,426,415,436,1,0,,0.6866695880889893,0.5,22,Videos\classifier_dataset\CONFIRMED_RAIDER_DEFENDER_CONTACT\CONFIRMED_RAIDER_DEFENDER_CONTACT_f00426_s1_o0.mp4,Videos\classifier_dataset\CONFIRMED_RAIDER_DEFENDER_CONTACT\CONFIRMED_RAIDER_DEFENDER_CONTACT_f00426_s1_o0.json,,
CONFIRMED_RAIDER_DEFENDER_CONTACT_f00427_s1_o6,CONFIRMED_RAIDER_DEFENDER_CONTACT,HHI,427,416,437,1,6,,0.6091421604156494,0.5,22,Videos\classifier_dataset\CONFIRMED_RAIDER_DEFENDER_CONTACT\CONFIRMED_RAIDER_DEFENDER_CONTACT_f00427_s1_o6.mp4,Videos\classifier_dataset\CONFIRMED_RAIDER_DEFENDER_CONTACT\CONFIRMED_RAIDER_DEFENDER_CONTACT_f00427_s1_o6.json,,
CONFIRMED_RAIDER_DEFENDER_CONTACT_f00431_s1_o8,CONFIRMED_RAIDER_DEFENDER_CONTACT,HHI,431,416,441,1,8,,0.5874895095825196,0.5,26,Videos\classifier_dataset\CONFIRMED_RAIDER_DEFENDER_CONTACT\CONFIRMED_RAIDER_DEFENDER_CONTACT_f00431_s1_o8.mp4,Videos\classifier_dataset\CONFIRMED_RAIDER_DEFENDER_CONTACT\CONFIRMED_RAIDER_DEFENDER_CONTACT_f00431_s1_o8.json,,
CONFIRMED_RAIDER_DEFENDER_CONTACT_f00433_s1_o3,CONFIRMED_RAIDER_DEFENDER_CONTACT,HHI,433,418,443,1,3,,0.5888307571411133,0.5,26,Videos\classifier_dataset\CONFIRMED_RAIDER_DEFENDER_CONTACT\CONFIRMED_RAIDER_DEFENDER_CONTACT_f00433_s1_o3.mp4,Videos\classifier_dataset\CONFIRMED_RAIDER_DEFENDER_CONTACT\CONFIRMED_RAIDER_DEFENDER_CONTACT_f00433_s1_o3.json,,
CONFIRMED_RAIDER_DEFENDER_CONTACT_f00439_s1_o6,CONFIRMED_RAIDER_DEFENDER_CONTACT,HHI,439,428,449,1,6,,0.6037163734436035,0.5,22,Videos\classifier_dataset\CONFIRMED_RAIDER_DEFENDER_CONTACT\CONFIRMED_RAIDER_DEFENDER_CONTACT_f00439_s1_o6.mp4,Videos\classifier_dataset\CONFIRMED_RAIDER_DEFENDER_CONTACT\CONFIRMED_RAIDER_DEFENDER_CONTACT_f00439_s1_o6.json,,
CONFIRMED_RAIDER_DEFENDER_CONTACT_f00071_s1_o4,CONFIRMED_RAIDER_DEFENDER_CONTACT,HHI,71,60,81,1,4,,0.696648204736112,0.6075016270384155,22,Videos\classifier_dataset\CONFIRMED_RAIDER_DEFENDER_CONTACT\CONFIRMED_RAIDER_DEFENDER_CONTACT_f00071_s1_o4.mp4,Videos\classifier_dataset\CONFIRMED_RAIDER_DEFENDER_CONTACT\CONFIRMED_RAIDER_DEFENDER_CONTACT_f00071_s1_o4.json,,
CONFIRMED_RAIDER_DEFENDER_CONTACT_f00071_s4_o3,CONFIRMED_RAIDER_DEFENDER_CONTACT,HHI,71,60,81,4,3,,0.6718982192268941,0.5821297398187153,22,Videos\classifier_dataset\CONFIRMED_RAIDER_DEFENDER_CONTACT\CONFIRMED_RAIDER_DEFENDER_CONTACT_f00071_s4_o3.mp4,Videos\classifier_dataset\CONFIRMED_RAIDER_DEFENDER_CONTACT\CONFIRMED_RAIDER_DEFENDER_CONTACT_f00071_s4_o3.json,,
CONFIRMED_RAIDER_DEFENDER_CONTACT_f00071_s6_o2,CONFIRMED_RAIDER_DEFENDER_CONTACT,HHI,71,60,81,6,2,,0.6966585817723127,0.6075005687248338,22,Videos\classifier_dataset\CONFIRMED_RAIDER_DEFENDER_CONTACT\CONFIRMED_RAIDER_DEFENDER_CONTACT_f00071_s6_o2.mp4,Videos\classifier_dataset\CONFIRMED_RAIDER_DEFENDER_CONTACT\CONFIRMED_RAIDER_DEFENDER_CONTACT_f00071_s6_o2.json,,
CONFIRMED_RAIDER_DEFENDER_CONTACT_f00071_s9_o1,CONFIRMED_RAIDER_DEFENDER_CONTACT,HHI,71,60,81,9,1,,0.6813265602789493,0.6499573094154824,22,Videos\classifier_dataset\CONFIRMED_RAIDER_DEFENDER_CONTACT\CONFIRMED_RAIDER_DEFENDER_CONTACT_f00071_s9_o1.mp4,Videos\classifier_dataset\CONFIRMED_RAIDER_DEFENDER_CONTACT\CONFIRMED_RAIDER_DEFENDER_CONTACT_f00071_s9_o1.json,,
CONFIRMED_RAIDER_BAULK_TOUCH_f00071_s9_oBAULK,CONFIRMED_RAIDER_BAULK_TOUCH,HLI,71,60,81,9,BAULK,BAULK,0.8,0.5,22,Videos\classifier_dataset\CONFIRMED_RAIDER_BAULK_TOUCH\CONFIRMED_RAIDER_BAULK_TOUCH_f00071_s9_oBAULK.mp4,Videos\classifier_dataset\CONFIRMED_RAIDER_BAULK_TOUCH\CONFIRMED_RAIDER_BAULK_TOUCH_f00071_s9_oBAULK.json,,
CONFIRMED_RAIDER_DEFENDER_CONTACT_f00090_s9_o6,CONFIRMED_RAIDER_DEFENDER_CONTACT,HHI,90,79,100,9,6,,0.7093262206456228,0.6928243068211185,22,Videos\classifier_dataset\CONFIRMED_RAIDER_DEFENDER_CONTACT\CONFIRMED_RAIDER_DEFENDER_CONTACT_f00090_s9_o6.mp4,Videos\classifier_dataset\CONFIRMED_RAIDER_DEFENDER_CONTACT\CONFIRMED_RAIDER_DEFENDER_CONTACT_f00090_s9_o6.json,,
CONFIRMED_RAIDER_DEFENDER_CONTACT_f00119_s9_o6,CONFIRMED_RAIDER_DEFENDER_CONTACT,HHI,119,108,129,9,6,,0.7566461387176444,0.9219739891338172,22,Videos\classifier_dataset\CONFIRMED_RAIDER_DEFENDER_CONTACT\CONFIRMED_RAIDER_DEFENDER_CONTACT_f00119_s9_o6.mp4,Videos\classifier_dataset\CONFIRMED_RAIDER_DEFENDER_CONTACT\CONFIRMED_RAIDER_DEFENDER_CONTACT_f00119_s9_o6.json,,
CONFIRMED_RAIDER_DEFENDER_CONTACT_f00131_s9_o6,CONFIRMED_RAIDER_DEFENDER_CONTACT,HHI,131,120,141,9,6,,0.8210614218320056,0.7660742436860015,22,Videos\classifier_dataset\CONFIRMED_RAIDER_DEFENDER_CONTACT\CONFIRMED_RAIDER_DEFENDER_CONTACT_f00131_s9_o6.mp4,Videos\classifier_dataset\CONFIRMED_RAIDER_DEFENDER_CONTACT\CONFIRMED_RAIDER_DEFENDER_CONTACT_f00131_s9_o6.json,,
CONFIRMED_RAIDER_DEFENDER_CONTACT_f00149_s9_o2,CONFIRMED_RAIDER_DEFENDER_CONTACT,HHI,149,138,159,9,2,,0.6805523819603562,0.6301512884294092,22,Videos\classifier_dataset\CONFIRMED_RAIDER_DEFENDER_CONTACT\CONFIRMED_RAIDER_DEFENDER_CONTACT_f00149_s9_o2.mp4,Videos\classifier_dataset\CONFIRMED_RAIDER_DEFENDER_CONTACT\CONFIRMED_RAIDER_DEFENDER_CONTACT_f00149_s9_o2.json,,
CONFIRMED_RAIDER_DEFENDER_CONTACT_f00150_s9_o8,CONFIRMED_RAIDER_DEFENDER_CONTACT,HHI,150,139,160,9,8,,0.6450117012416023,0.4888100973155843,22,Videos\classifier_dataset\CONFIRMED_RAIDER_DEFENDER_CONTACT\CONFIRMED_RAIDER_DEFENDER_CONTACT_f00150_s9_o8.mp4,Videos\classifier_dataset\CONFIRMED_RAIDER_DEFENDER_CONTACT\CONFIRMED_RAIDER_DEFENDER_CONTACT_f00150_s9_o8.json,,
CONFIRMED_RAIDER_DEFENDER_CONTACT_f00192_s9_o11,CONFIRMED_RAIDER_DEFENDER_CONTACT,HHI,192,181,202,9,11,,0.5855294860158666,0.5844276936735473,22,Videos\classifier_dataset\CONFIRMED_RAIDER_DEFENDER_CONTACT\CONFIRMED_RAIDER_DEFENDER_CONTACT_f00192_s9_o11.mp4,Videos\classifier_dataset\CONFIRMED_RAIDER_DEFENDER_CONTACT\CONFIRMED_RAIDER_DEFENDER_CONTACT_f00192_s9_o11.json,,
CONFIRMED_RAIDER_DEFENDER_CONTACT_f00341_s9_o11,CONFIRMED_RAIDER_DEFENDER_CONTACT,HHI,341,330,351,9,11,,0.6043783645313867,0.5749221991702635,22,Videos\classifier_dataset\CONFIRMED_RAIDER_DEFENDER_CONTACT\CONFIRMED_RAIDER_DEFENDER_CONTACT_f00341_s9_o11.mp4,Videos\classifier_dataset\CONFIRMED_RAIDER_DEFENDER_CONTACT\CONFIRMED_RAIDER_DEFENDER_CONTACT_f00341_s9_o11.json,,
CONFIRMED_RAIDER_DEFENDER_CONTACT_f00383_s9_o13,CONFIRMED_RAIDER_DEFENDER_CONTACT,HHI,383,372,393,9,13,,0.6615455667680207,0.5960649650558091,22,Videos\classifier_dataset\CONFIRMED_RAIDER_DEFENDER_CONTACT\CONFIRMED_RAIDER_DEFENDER_CONTACT_f00383_s9_o13.mp4,Videos\classifier_dataset\CONFIRMED_RAIDER_DEFENDER_CONTACT\CONFIRMED_RAIDER_DEFENDER_CONTACT_f00383_s9_o13.json,,
CONFIRMED_RAIDER_DEFENDER_CONTACT_f00437_s9_o13,CONFIRMED_RAIDER_DEFENDER_CONTACT,HHI,437,425,447,9,13,,0.5807745725238885,0.42881853141500686,23,Videos\classifier_dataset\CONFIRMED_RAIDER_DEFENDER_CONTACT\CONFIRMED_RAIDER_DEFENDER_CONTACT_f00437_s9_o13.mp4,Videos\classifier_dataset\CONFIRMED_RAIDER_DEFENDER_CONTACT\CONFIRMED_RAIDER_DEFENDER_CONTACT_f00437_s9_o13.json,,
CONFIRMED_RAIDER_DEFENDER_CONTACT_f00476_s9_o13,CONFIRMED_RAIDER_DEFENDER_CONTACT,HHI,476,465,486,9,13,,0.6032912611961365,0.5,22,Videos\classifier_dataset\CONFIRMED_RAIDER_DEFENDER_CONTACT\CONFIRMED_RAIDER_DEFENDER_CONTACT_f00476_s9_o13.mp4,Videos\classifier_dataset\CONFIRMED_RAIDER_DEFENDER_CONTACT\CONFIRMED_RAIDER_DEFENDER_CONTACT_f00476_s9_o13.json,,
CONFIRMED_RAIDER_DEFENDER_CONTACT_f00655_s9_o13,CONFIRMED_RAIDER_DEFENDER_CONTACT,HHI,655,600,665,9,13,,0.5804482807917648,0.44785973186375055,66,Videos\classifier_dataset\CONFIRMED_RAIDER_DEFENDER_CONTACT\CONFIRMED_RAIDER_DEFENDER_CONTACT_f00655_s9_o13.mp4,Videos\classifier_dataset\CONFIRMED_RAIDER_DEFENDER_CONTACT\CONFIRMED_RAIDER_DEFENDER_CONTACT_f00655_s9_o13.json,,
CONFIRMED_RAIDER_BONUS_TOUCH_f00071_s0_oBONUS,CONFIRMED_RAIDER_BONUS_TOUCH,HLI,71,60,81,0,BONUS,BONUS,0.8,0.5,22,Videos\classifier_dataset\CONFIRMED_RAIDER_BONUS_TOUCH\CONFIRMED_RAIDER_BONUS_TOUCH_f00071_s0_oBONUS.mp4,Videos\classifier_dataset\CONFIRMED_RAIDER_BONUS_TOUCH\CONFIRMED_RAIDER_BONUS_TOUCH_f00071_s0_oBONUS.json,,
CONFIRMED_RAIDER_DEFENDER_CONTACT_f00078_s0_o6,CONFIRMED_RAIDER_DEFENDER_CONTACT,HHI,78,65,88,0,6,,0.7643563065343097,0.7887563490403183,24,Videos\classifier_dataset\CONFIRMED_RAIDER_DEFENDER_CONTACT\CONFIRMED_RAIDER_DEFENDER_CONTACT_f00078_s0_o6.mp4,Videos\classifier_dataset\CONFIRMED_RAIDER_DEFENDER_CONTACT\CONFIRMED_RAIDER_DEFENDER_CONTACT_f00078_s0_o6.json,,
CONFIRMED_RAIDER_DEFENDER_CONTACT_f00116_s0_o6,CONFIRMED_RAIDER_DEFENDER_CONTACT,HHI,116,105,126,0,6,,0.7723891649329244,0.6642791414468434,22,Videos\classifier_dataset\CONFIRMED_RAIDER_DEFENDER_CONTACT\CONFIRMED_RAIDER_DEFENDER_CONTACT_f00116_s0_o6.mp4,Videos\classifier_dataset\CONFIRMED_RAIDER_DEFENDER_CONTACT\CONFIRMED_RAIDER_DEFENDER_CONTACT_f00116_s0_o6.json,,
CONFIRMED_RAIDER_DEFENDER_CONTACT_f00134_s0_o8,CONFIRMED_RAIDER_DEFENDER_CONTACT,HHI,134,123,144,0,8,,0.8066029481170701,0.7871905396576044,22,Videos\classifier_dataset\CONFIRMED_RAIDER_DEFENDER_CONTACT\CONFIRMED_RAIDER_DEFENDER_CONTACT_f00134_s0_o8.mp4,Videos\classifier_dataset\CONFIRMED_RAIDER_DEFENDER_CONTACT\CONFIRMED_RAIDER_DEFENDER_CONTACT_f00134_s0_o8.json,,
CONFIRMED_RAIDER_DEFENDER_CONTACT_f00159_s0_o2,CONFIRMED_RAIDER_DEFENDER_CONTACT,HHI,159,148,169,0,2,,0.5846311083219262,0.4383091307634641,22,Videos\classifier_dataset\CONFIRMED_RAIDER_DEFENDER_CONTACT\CONFIRMED_RAIDER_DEFENDER_CONTACT_f00159_s0_o2.mp4,Videos\classifier_dataset\CONFIRMED_RAIDER_DEFENDER_CONTACT\CONFIRMED_RAIDER_DEFENDER_CONTACT_f00159_s0_o2.json,,
CONFIRMED_RAIDER_DEFENDER_CONTACT_f00181_s0_o10,CONFIRMED_RAIDER_DEFENDER_CONTACT,HHI,181,170,191,0,10,,0.8223154742080669,0.6865110592441512,22,Videos\classifier_dataset\CONFIRMED_RAIDER_DEFENDER_CONTACT\CONFIRMED_RAIDER_DEFENDER_CONTACT_f00181_s0_o10.mp4,Videos\classifier_dataset\CONFIRMED_RAIDER_DEFENDER_CONTACT\CONFIRMED_RAIDER_DEFENDER_CONTACT_f00181_s0_o10.json,,
CONFIRMED_RAIDER_DEFENDER_CONTACT_f00071_s0_o6,CONFIRMED_RAIDER_DEFENDER_CONTACT,HHI,71,60,81,0,6,,0.6714250399380741,0.5014213506653453,22,Videos\classifier_dataset\CONFIRMED_RAIDER_DEFENDER_CONTACT\CONFIRMED_RAIDER_DEFENDER_CONTACT_f00071_s0_o6.mp4,Videos\classifier_dataset\CONFIRMED_RAIDER_DEFENDER_CONTACT\CONFIRMED_RAIDER_DEFENDER_CONTACT_f00071_s0_o6.json,,
CONFIRMED_RAIDER_DEFENDER_CONTACT_f00083_s0_o7,CONFIRMED_RAIDER_DEFENDER_CONTACT,HHI,83,72,93,0,7,,0.637193850402023,0.6175034734705727,22,Videos\classifier_dataset\CONFIRMED_RAIDER_DEFENDER_CONTACT\CONFIRMED_RAIDER_DEFENDER_CONTACT_f00083_s0_o7.mp4,Videos\classifier_dataset\CONFIRMED_RAIDER_DEFENDER_CONTACT\CONFIRMED_RAIDER_DEFENDER_CONTACT_f00083_s0_o7.json,,
CONFIRMED_RAIDER_DEFENDER_CONTACT_f00162_s0_o7,CONFIRMED_RAIDER_DEFENDER_CONTACT,HHI,162,150,172,0,7,,0.8919906280977842,0.9028751608091883,23,Videos\classifier_dataset\CONFIRMED_RAIDER_DEFENDER_CONTACT\CONFIRMED_RAIDER_DEFENDER_CONTACT_f00162_s0_o7.mp4,Videos\classifier_dataset\CONFIRMED_RAIDER_DEFENDER_CONTACT\CONFIRMED_RAIDER_DEFENDER_CONTACT_f00162_s0_o7.json,,
CONFIRMED_RAIDER_DEFENDER_CONTACT_f00189_s0_o8,CONFIRMED_RAIDER_DEFENDER_CONTACT,HHI,189,177,199,0,8,,0.8867137821744961,0.8478201111731637,23,Videos\classifier_dataset\CONFIRMED_RAIDER_DEFENDER_CONTACT\CONFIRMED_RAIDER_DEFENDER_CONTACT_f00189_s0_o8.mp4,Videos\classifier_dataset\CONFIRMED_RAIDER_DEFENDER_CONTACT\CONFIRMED_RAIDER_DEFENDER_CONTACT_f00189_s0_o8.json,,
CONFIRMED_RAIDER_DEFENDER_CONTACT_f00214_s0_o6,CONFIRMED_RAIDER_DEFENDER_CONTACT,HHI,214,198,224,0,6,,0.6201597712072675,0.5355877930007736,27,Videos\classifier_dataset\CONFIRMED_RAIDER_DEFENDER_CONTACT\CONFIRMED_RAIDER_DEFENDER_CONTACT_f00214_s0_o6.mp4,Videos\classifier_dataset\CONFIRMED_RAIDER_DEFENDER_CONTACT\CONFIRMED_RAIDER_DEFENDER_CONTACT_f00214_s0_o6.json,,
CONFIRMED_RAIDER_DEFENDER_CONTACT_f00264_s0_o13,CONFIRMED_RAIDER_DEFENDER_CONTACT,HHI,264,253,274,0,13,,0.6759779303549922,0.6207176072595507,22,Videos\classifier_dataset\CONFIRMED_RAIDER_DEFENDER_CONTACT\CONFIRMED_RAIDER_DEFENDER_CONTACT_f00264_s0_o13.mp4,Videos\classifier_dataset\CONFIRMED_RAIDER_DEFENDER_CONTACT\CONFIRMED_RAIDER_DEFENDER_CONTACT_f00264_s0_o13.json,,
CONFIRMED_RAIDER_DEFENDER_CONTACT_f00235_s2_o3,CONFIRMED_RAIDER_DEFENDER_CONTACT,HHI,235,223,245,2,3,,0.6166336716988368,0.5809638057596193,23,Videos\classifier_dataset\CONFIRMED_RAIDER_DEFENDER_CONTACT\CONFIRMED_RAIDER_DEFENDER_CONTACT_f00235_s2_o3.mp4,Videos\classifier_dataset\CONFIRMED_RAIDER_DEFENDER_CONTACT\CONFIRMED_RAIDER_DEFENDER_CONTACT_f00235_s2_o3.json,,
CONFIRMED_RAIDER_DEFENDER_CONTACT_f00235_s2_o5,CONFIRMED_RAIDER_DEFENDER_CONTACT,HHI,235,221,245,2,5,,0.5809659287626433,0.4859795980887829,25,Videos\classifier_dataset\CONFIRMED_RAIDER_DEFENDER_CONTACT\CONFIRMED_RAIDER_DEFENDER_CONTACT_f00235_s2_o5.mp4,Videos\classifier_dataset\CONFIRMED_RAIDER_DEFENDER_CONTACT\CONFIRMED_RAIDER_DEFENDER_CONTACT_f00235_s2_o5.json,,
CONFIRMED_RAIDER_DEFENDER_CONTACT_f00236_s2_o7,CONFIRMED_RAIDER_DEFENDER_CONTACT,HHI,236,223,246,2,7,,0.6155220696064013,0.5604577235212371,24,Videos\classifier_dataset\CONFIRMED_RAIDER_DEFENDER_CONTACT\CONFIRMED_RAIDER_DEFENDER_CONTACT_f00236_s2_o7.mp4,Videos\classifier_dataset\CONFIRMED_RAIDER_DEFENDER_CONTACT\CONFIRMED_RAIDER_DEFENDER_CONTACT_f00236_s2_o7.json,,
CONFIRMED_RAIDER_DEFENDER_CONTACT_f00273_s2_o3,CONFIRMED_RAIDER_DEFENDER_CONTACT,HHI,273,260,283,2,3,,0.592230994652961,0.4717284916620808,24,Videos\classifier_dataset\CONFIRMED_RAIDER_DEFENDER_CONTACT\CONFIRMED_RAIDER_DEFENDER_CONTACT_f00273_s2_o3.mp4,Videos\classifier_dataset\CONFIRMED_RAIDER_DEFENDER_CONTACT\CONFIRMED_RAIDER_DEFENDER_CONTACT_f00273_s2_o3.json,,
CONFIRMED_RAIDER_DEFENDER_CONTACT_f00274_s2_o1,CONFIRMED_RAIDER_DEFENDER_CONTACT,HHI,274,262,284,2,1,,0.5862076640129089,0.5,23,Videos\classifier_dataset\CONFIRMED_RAIDER_DEFENDER_CONTACT\CONFIRMED_RAIDER_DEFENDER_CONTACT_f00274_s2_o1.mp4,Videos\classifier_dataset\CONFIRMED_RAIDER_DEFENDER_CONTACT\CONFIRMED_RAIDER_DEFENDER_CONTACT_f00274_s2_o1.json,,
CONFIRMED_RAIDER_DEFENDER_CONTACT_f00289_s2_o6,CONFIRMED_RAIDER_DEFENDER_CONTACT,HHI,289,261,299,2,6,,0.5820470739765176,0.43934975300312257,39,Videos\classifier_dataset\CONFIRMED_RAIDER_DEFENDER_CONTACT\CONFIRMED_RAIDER_DEFENDER_CONTACT_f00289_s2_o6.mp4,Videos\classifier_dataset\CONFIRMED_RAIDER_DEFENDER_CONTACT\CONFIRMED_RAIDER_DEFENDER_CONTACT_f00289_s2_o6.json,,
CONFIRMED_RAIDER_DEFENDER_CONTACT_f00305_s2_o5,CONFIRMED_RAIDER_DEFENDER_CONTACT,HHI,305,294,315,2,5,,0.6227987025292591,0.470099859960843,22,Videos\classifier_dataset\CONFIRMED_RAIDER_DEFENDER_CONTACT\CONFIRMED_RAIDER_DEFENDER_CONTACT_f00305_s2_o5.mp4,Videos\classifier_dataset\CONFIRMED_RAIDER_DEFENDER_CONTACT\CONFIRMED_RAIDER_DEFENDER_CONTACT_f00305_s2_o5.json,,
CONFIRMED_RAIDER_DEFENDER_CONTACT_f00351_s2_o5,CONFIRMED_RAIDER_DEFENDER_CONTACT,HHI,351,339,361,2,5,,0.5842592747132855,0.4501423913043932,23,Videos\classifier_dataset\CONFIRMED_RAIDER_DEFENDER_CONTACT\CONFIRMED_RAIDER_DEFENDER_CONTACT_f00351_s2_o5.mp4,Videos\classifier_dataset\CONFIRMED_RAIDER_DEFENDER_CONTACT\CONFIRMED_RAIDER_DEFENDER_CONTACT_f00351_s2_o5.json,,
CONFIRMED_RAIDER_DEFENDER_CONTACT_f00353_s2_o11,CONFIRMED_RAIDER_DEFENDER_CONTACT,HHI,353,342,363,2,11,,0.6360592568838819,0.5926010819584686,22,Videos\classifier_dataset\CONFIRMED_RAIDER_DEFENDER_CONTACT\CONFIRMED_RAIDER_DEFENDER_CONTACT_f00353_s2_o11.mp4,Videos\classifier_dataset\CONFIRMED_RAIDER_DEFENDER_CONTACT\CONFIRMED_RAIDER_DEFENDER_CONTACT_f00353_s2_o11.json,,
CONFIRMED_RAIDER_DEFENDER_CONTACT_f00381_s2_o9,CONFIRMED_RAIDER_DEFENDER_CONTACT,HHI,381,369,391,2,9,,0.6104713916778565,0.5,23,Videos\classifier_dataset\CONFIRMED_RAIDER_DEFENDER_CONTACT\CONFIRMED_RAIDER_DEFENDER_CONTACT_f00381_s2_o9.mp4,Videos\classifier_dataset\CONFIRMED_RAIDER_DEFENDER_CONTACT\CONFIRMED_RAIDER_DEFENDER_CONTACT_f00381_s2_o9.json,,
CONFIRMED_RAIDER_DEFENDER_CONTACT_f00392_s2_o9,CONFIRMED_RAIDER_DEFENDER_CONTACT,HHI,392,381,402,2,9,,0.6204934332036024,0.5853831701633945,22,Videos\classifier_dataset\CONFIRMED_RAIDER_DEFENDER_CONTACT\CONFIRMED_RAIDER_DEFENDER_CONTACT_f00392_s2_o9.mp4,Videos\classifier_dataset\CONFIRMED_RAIDER_DEFENDER_CONTACT\CONFIRMED_RAIDER_DEFENDER_CONTACT_f00392_s2_o9.json,,
CONFIRMED_RAIDER_DEFENDER_CONTACT_f00406_s2_o0,CONFIRMED_RAIDER_DEFENDER_CONTACT,HHI,406,395,416,2,0,,0.729993784618213,0.6982585494514164,22,Videos\classifier_dataset\CONFIRMED_RAIDER_DEFENDER_CONTACT\CONFIRMED_RAIDER_DEFENDER_CONTACT_f00406_s2_o0.mp4,Videos\classifier_dataset\CONFIRMED_RAIDER_DEFENDER_CONTACT\CONFIRMED_RAIDER_DEFENDER_CONTACT_f00406_s2_o0.json,,
CONFIRMED_RAIDER_DEFENDER_CONTACT_f00407_s2_o4,CONFIRMED_RAIDER_DEFENDER_CONTACT,HHI,407,380,417,2,4,,0.5861060543445039,0.4777658093937457,38,Videos\classifier_dataset\CONFIRMED_RAIDER_DEFENDER_CONTACT\CONFIRMED_RAIDER_DEFENDER_CONTACT_f00407_s2_o4.mp4,Videos\classifier_dataset\CONFIRMED_RAIDER_DEFENDER_CONTACT\CONFIRMED_RAIDER_DEFENDER_CONTACT_f00407_s2_o4.json,,
CONFIRMED_RAIDER_DEFENDER_CONTACT_f00526_s2_o12,CONFIRMED_RAIDER_DEFENDER_CONTACT,HHI,526,515,536,2,12,,0.6957796533203462,0.6674200791359788,22,Videos\classifier_dataset\CONFIRMED_RAIDER_DEFENDER_CONTACT\CONFIRMED_RAIDER_DEFENDER_CONTACT_f00526_s2_o12.mp4,Videos\classifier_dataset\CONFIRMED_RAIDER_DEFENDER_CONTACT\CONFIRMED_RAIDER_DEFENDER_CONTACT_f00526_s2_o12.json,,
CONFIRMED_RAIDER_DEFENDER_CONTACT_f00527_s2_o11,CONFIRMED_RAIDER_DEFENDER_CONTACT,HHI,527,516,537,2,11,,0.6294007778403901,0.6235949397677538,22,Videos\classifier_dataset\CONFIRMED_RAIDER_DEFENDER_CONTACT\CONFIRMED_RAIDER_DEFENDER_CONTACT_f00527_s2_o11.mp4,Videos\classifier_dataset\CONFIRMED_RAIDER_DEFENDER_CONTACT\CONFIRMED_RAIDER_DEFENDER_CONTACT_f00527_s2_o11.json,,
CONFIRMED_RAIDER_DEFENDER_CONTACT_f00530_s2_o5,CONFIRMED_RAIDER_DEFENDER_CONTACT,HHI,530,519,540,2,5,,0.6254742383956909,0.5,22,Videos\classifier_dataset\CONFIRMED_RAIDER_DEFENDER_CONTACT\CONFIRMED_RAIDER_DEFENDER_CONTACT_f00530_s2_o5.mp4,Videos\classifier_dataset\CONFIRMED_RAIDER_DEFENDER_CONTACT\CONFIRMED_RAIDER_DEFENDER_CONTACT_f00530_s2_o5.json,,
CONFIRMED_RAIDER_DEFENDER_CONTACT_f00531_s2_o7,CONFIRMED_RAIDER_DEFENDER_CONTACT,HHI,531,520,541,2,7,,0.5985583424568176,0.5,22,Videos\classifier_dataset\CONFIRMED_RAIDER_DEFENDER_CONTACT\CONFIRMED_RAIDER_DEFENDER_CONTACT_f00531_s2_o7.mp4,Videos\classifier_dataset\CONFIRMED_RAIDER_DEFENDER_CONTACT\CONFIRMED_RAIDER_DEFENDER_CONTACT_f00531_s2_o7.json,,
CONFIRMED_RAIDER_DEFENDER_CONTACT_f00532_s2_o3,CONFIRMED_RAIDER_DEFENDER_CONTACT,HHI,532,520,542,2,3,,0.5827506184577942,0.5,23,Videos\classifier_dataset\CONFIRMED_RAIDER_DEFENDER_CONTACT\CONFIRMED_RAIDER_DEFENDER_CONTACT_f00532_s2_o3.mp4,Videos\classifier_dataset\CONFIRMED_RAIDER_DEFENDER_CONTACT\CONFIRMED_RAIDER_DEFENDER_CONTACT_f00532_s2_o3.json,,
CONFIRMED_RAIDER_DEFENDER_CONTACT_f00547_s2_o12,CONFIRMED_RAIDER_DEFENDER_CONTACT,HHI,547,536,557,2,12,,0.6003215193748475,0.5,22,Videos\classifier_dataset\CONFIRMED_RAIDER_DEFENDER_CONTACT\CONFIRMED_RAIDER_DEFENDER_CONTACT_f00547_s2_o12.mp4,Videos\classifier_dataset\CONFIRMED_RAIDER_DEFENDER_CONTACT\CONFIRMED_RAIDER_DEFENDER_CONTACT_f00547_s2_o12.json,,
CONFIRMED_RAIDER_DEFENDER_CONTACT_f00548_s2_o11,CONFIRMED_RAIDER_DEFENDER_CONTACT,HHI,548,536,558,2,11,,0.5843466401100159,0.5,23,Videos\classifier_dataset\CONFIRMED_RAIDER_DEFENDER_CONTACT\CONFIRMED_RAIDER_DEFENDER_CONTACT_f00548_s2_o11.mp4,Videos\classifier_dataset\CONFIRMED_RAIDER_DEFENDER_CONTACT\CONFIRMED_RAIDER_DEFENDER_CONTACT_f00548_s2_o11.json,,
CONFIRMED_RAIDER_DEFENDER_CONTACT_f00554_s2_o0,CONFIRMED_RAIDER_DEFENDER_CONTACT,HHI,554,543,564,2,0,,0.5866434693336486,0.5,22,Videos\classifier_dataset\CONFIRMED_RAIDER_DEFENDER_CONTACT\CONFIRMED_RAIDER_DEFENDER_CONTACT_f00554_s2_o0.mp4,Videos\classifier_dataset\CONFIRMED_RAIDER_DEFENDER_CONTACT\CONFIRMED_RAIDER_DEFENDER_CONTACT_f00554_s2_o0.json,,
CONFIRMED_RAIDER_DEFENDER_CONTACT_f00573_s2_o11,CONFIRMED_RAIDER_DEFENDER_CONTACT,HHI,573,562,583,2,11,,0.9484670858555526,0.9238779497577476,22,Videos\classifier_dataset\CONFIRMED_RAIDER_DEFENDER_CONTACT\CONFIRMED_RAIDER_DEFENDER_CONTACT_f00573_s2_o11.mp4,Videos\classifier_dataset\CONFIRMED_RAIDER_DEFENDER_CONTACT\CONFIRMED_RAIDER_DEFENDER_CONTACT_f00573_s2_o11.json,,
CONFIRMED_RAIDER_DEFENDER_CONTACT_f00594_s2_o11,CONFIRMED_RAIDER_DEFENDER_CONTACT,HHI,594,583,604,2,11,,0.7591521015912207,0.6998172380402465,22,Videos\classifier_dataset\CONFIRMED_RAIDER_DEFENDER_CONTACT\CONFIRMED_RAIDER_DEFENDER_CONTACT_f00594_s2_o11.mp4,Videos\classifier_dataset\CONFIRMED_RAIDER_DEFENDER_CONTACT\CONFIRMED_RAIDER_DEFENDER_CONTACT_f00594_s2_o11.json,,
CONFIRMED_RAIDER_DEFENDER_CONTACT_f00635_s2_o11,CONFIRMED_RAIDER_DEFENDER_CONTACT,HHI,635,624,645,2,11,,0.602316451318923,0.5961894101099754,22,Videos\classifier_dataset\CONFIRMED_RAIDER_DEFENDER_CONTACT\CONFIRMED_RAIDER_DEFENDER_CONTACT_f00635_s2_o11.mp4,Videos\classifier_dataset\CONFIRMED_RAIDER_DEFENDER_CONTACT\CONFIRMED_RAIDER_DEFENDER_CONTACT_f00635_s2_o11.json,,
CONFIRMED_RAIDER_DEFENDER_CONTACT_f00660_s2_o11,CONFIRMED_RAIDER_DEFENDER_CONTACT,HHI,660,648,670,2,11,,0.8854970436182754,0.8695253086306495,23,Videos\classifier_dataset\CONFIRMED_RAIDER_DEFENDER_CONTACT\CONFIRMED_RAIDER_DEFENDER_CONTACT_f00660_s2_o11.mp4,Videos\classifier_dataset\CONFIRMED_RAIDER_DEFENDER_CONTACT\CONFIRMED_RAIDER_DEFENDER_CONTACT_f00660_s2_o11.json,,
CONFIRMED_RAIDER_DEFENDER_CONTACT_f00672_s2_o5,CONFIRMED_RAIDER_DEFENDER_CONTACT,HHI,672,656,682,2,5,,0.5855462392300069,0.45452236139021807,27,Videos\classifier_dataset\CONFIRMED_RAIDER_DEFENDER_CONTACT\CONFIRMED_RAIDER_DEFENDER_CONTACT_f00672_s2_o5.mp4,Videos\classifier_dataset\CONFIRMED_RAIDER_DEFENDER_CONTACT\CONFIRMED_RAIDER_DEFENDER_CONTACT_f00672_s2_o5.json,,
CONFIRMED_RAIDER_DEFENDER_CONTACT_f00777_s2_o4,CONFIRMED_RAIDER_DEFENDER_CONTACT,HHI,777,766,787,2,4,,0.5948154821015285,0.5984372531416233,22,Videos\classifier_dataset\CONFIRMED_RAIDER_DEFENDER_CONTACT\CONFIRMED_RAIDER_DEFENDER_CONTACT_f00777_s2_o4.mp4,Videos\classifier_dataset\CONFIRMED_RAIDER_DEFENDER_CONTACT\CONFIRMED_RAIDER_DEFENDER_CONTACT_f00777_s2_o4.json,,
CONFIRMED_RAIDER_DEFENDER_CONTACT_f00213_s7_o9,CONFIRMED_RAIDER_DEFENDER_CONTACT,HHI,213,198,223,7,9,,0.5824345448493384,0.4467757589815613,26,Videos\classifier_dataset\CONFIRMED_RAIDER_DEFENDER_CONTACT\CONFIRMED_RAIDER_DEFENDER_CONTACT_f00213_s7_o9.mp4,Videos\classifier_dataset\CONFIRMED_RAIDER_DEFENDER_CONTACT\CONFIRMED_RAIDER_DEFENDER_CONTACT_f00213_s7_o9.json,,
CONFIRMED_RAIDER_DEFENDER_CONTACT_f00235_s7_o12,CONFIRMED_RAIDER_DEFENDER_CONTACT,HHI,235,224,245,7,12,,0.6136833920365826,0.5835644042209427,22,Videos\classifier_dataset\CONFIRMED_RAIDER_DEFENDER_CONTACT\CONFIRMED_RAIDER_DEFENDER_CONTACT_f00235_s7_o12.mp4,Videos\classifier_dataset\CONFIRMED_RAIDER_DEFENDER_CONTACT\CONFIRMED_RAIDER_DEFENDER_CONTACT_f00235_s7_o12.json,,
CONFIRMED_RAIDER_DEFENDER_CONTACT_f00066_s0_o1,CONFIRMED_RAIDER_DEFENDER_CONTACT,HHI,66,55,76,0,1,,0.6208998059372494,0.5589411494981222,22,Videos\classifier_dataset\CONFIRMED_RAIDER_DEFENDER_CONTACT\CONFIRMED_RAIDER_DEFENDER_CONTACT_f00066_s0_o1.mp4,Videos\classifier_dataset\CONFIRMED_RAIDER_DEFENDER_CONTACT\CONFIRMED_RAIDER_DEFENDER_CONTACT_f00066_s0_o1.json,,
CONFIRMED_RAIDER_DEFENDER_CONTACT_f00066_s0_o2,CONFIRMED_RAIDER_DEFENDER_CONTACT,HHI,66,55,76,0,2,,0.8007309808776751,0.5966363883132675,22,Videos\classifier_dataset\CONFIRMED_RAIDER_DEFENDER_CONTACT\CONFIRMED_RAIDER_DEFENDER_CONTACT_f00066_s0_o2.mp4,Videos\classifier_dataset\CONFIRMED_RAIDER_DEFENDER_CONTACT\CONFIRMED_RAIDER_DEFENDER_CONTACT_f00066_s0_o2.json,,
CONFIRMED_RAIDER_DEFENDER_CONTACT_f00126_s0_o2,CONFIRMED_RAIDER_DEFENDER_CONTACT,HHI,126,113,136,0,2,,0.7013105590762686,0.6132488746499001,24,Videos\classifier_dataset\CONFIRMED_RAIDER_DEFENDER_CONTACT\CONFIRMED_RAIDER_DEFENDER_CONTACT_f00126_s0_o2.mp4,Videos\classifier_dataset\CONFIRMED_RAIDER_DEFENDER_CONTACT\CONFIRMED_RAIDER_DEFENDER_CONTACT_f00126_s0_o2.json,,
CONFIRMED_RAIDER_DEFENDER_CONTACT_f00141_s0_o6,CONFIRMED_RAIDER_DEFENDER_CONTACT,HHI,141,130,151,0,6,,0.6933785706249982,0.671667523554988,22,Videos\classifier_dataset\CONFIRMED_RAIDER_DEFENDER_CONTACT\CONFIRMED_RAIDER_DEFENDER_CONTACT_f00141_s0_o6.mp4,Videos\classifier_dataset\CONFIRMED_RAIDER_DEFENDER_CONTACT\CONFIRMED_RAIDER_DEFENDER_CONTACT_f00141_s0_o6.json,,
CONFIRMED_RAIDER_DEFENDER_CONTACT_f00147_s0_o6,CONFIRMED_RAIDER_DEFENDER_CONTACT,HHI,147,136,157,0,6,,0.8277410060551471,0.7494793013698624,22,Videos\classifier_dataset\CONFIRMED_RAIDER_DEFENDER_CONTACT\CONFIRMED_RAIDER_DEFENDER_CONTACT_f00147_s0_o6.mp4,Videos\classifier_dataset\CONFIRMED_RAIDER_DEFENDER_CONTACT\CONFIRMED_RAIDER_DEFENDER_CONTACT_f00147_s0_o6.json,,
CONFIRMED_RAIDER_DEFENDER_CONTACT_f00177_s0_o1,CONFIRMED_RAIDER_DEFENDER_CONTACT,HHI,177,166,187,0,1,,0.7150915371777744,0.684603866786294,22,Videos\classifier_dataset\CONFIRMED_RAIDER_DEFENDER_CONTACT\CONFIRMED_RAIDER_DEFENDER_CONTACT_f00177_s0_o1.mp4,Videos\classifier_dataset\CONFIRMED_RAIDER_DEFENDER_CONTACT\CONFIRMED_RAIDER_DEFENDER_CONTACT_f00177_s0_o1.json,,
CONFIRMED_RAIDER_DEFENDER_CONTACT_f00070_s0_o1,CONFIRMED_RAIDER_DEFENDER_CONTACT,HHI,70,57,80,0,1,,0.5861582318535463,0.5730307200528719,24,Videos\classifier_dataset\CONFIRMED_RAIDER_DEFENDER_CONTACT\CONFIRMED_RAIDER_DEFENDER_CONTACT_f00070_s0_o1.mp4,Videos\classifier_dataset\CONFIRMED_RAIDER_DEFENDER_CONTACT\CONFIRMED_RAIDER_DEFENDER_CONTACT_f00070_s0_o1.json,,
CONFIRMED_RAIDER_BAULK_TOUCH_f00105_s0_oBAULK,CONFIRMED_RAIDER_BAULK_TOUCH,HLI,105,55,115,0,BAULK,BAULK,0.6201709311070285,0.5,61,Videos\classifier_dataset\CONFIRMED_RAIDER_BAULK_TOUCH\CONFIRMED_RAIDER_BAULK_TOUCH_f00105_s0_oBAULK.mp4,Videos\classifier_dataset\CONFIRMED_RAIDER_BAULK_TOUCH\CONFIRMED_RAIDER_BAULK_TOUCH_f00105_s0_oBAULK.json,,
CONFIRMED_RAIDER_DEFENDER_CONTACT_f00118_s0_o6,CONFIRMED_RAIDER_DEFENDER_CONTACT,HHI,118,107,128,0,6,,0.5840778112411499,0.5,22,Videos\classifier_dataset\CONFIRMED_RAIDER_DEFENDER_CONTACT\CONFIRMED_RAIDER_DEFENDER_CONTACT_f00118_s0_o6.mp4,Videos\classifier_dataset\CONFIRMED_RAIDER_DEFENDER_CONTACT\CONFIRMED_RAIDER_DEFENDER_CONTACT_f00118_s0_o6.json,,
CONFIRMED_RAIDER_DEFENDER_CONTACT_f00142_s0_o3,CONFIRMED_RAIDER_DEFENDER_CONTACT,HHI,142,131,152,0,3,,0.6726519451332924,0.6394372547151737,22,Videos\classifier_dataset\CONFIRMED_RAIDER_DEFENDER_CONTACT\CONFIRMED_RAIDER_DEFENDER_CONTACT_f00142_s0_o3.mp4,Videos\classifier_dataset\CONFIRMED_RAIDER_DEFENDER_CONTACT\CONFIRMED_RAIDER_DEFENDER_CONTACT_f00142_s0_o3.json,,
CONFIRMED_RAIDER_DEFENDER_CONTACT_f00162_s0_o1,CONFIRMED_RAIDER_DEFENDER_CONTACT,HHI,162,149,172,0,1,,0.6271715404527732,0.6025099163098506,24,Videos\classifier_dataset\CONFIRMED_RAIDER_DEFENDER_CONTACT\CONFIRMED_RAIDER_DEFENDER_CONTACT_f00162_s0_o1.mp4,Videos\classifier_dataset\CONFIRMED_RAIDER_DEFENDER_CONTACT\CONFIRMED_RAIDER_DEFENDER_CONTACT_f00162_s0_o1.json,,
CONFIRMED_RAIDER_DEFENDER_CONTACT_f00177_s0_o3,CONFIRMED_RAIDER_DEFENDER_CONTACT,HHI,177,166,187,0,3,,0.8029597840035446,0.9200170838148614,22,Videos\classifier_dataset\CONFIRMED_RAIDER_DEFENDER_CONTACT\CONFIRMED_RAIDER_DEFENDER_CONTACT_f00177_s0_o3.mp4,Videos\classifier_dataset\CONFIRMED_RAIDER_DEFENDER_CONTACT\CONFIRMED_RAIDER_DEFENDER_CONTACT_f00177_s0_o3.json,,
CONFIRMED_RAIDER_DEFENDER_CONTACT_f00111_s0_o5,CONFIRMED_RAIDER_DEFENDER_CONTACT,HHI,111,100,121,0,5,,0.71198338156642,0.668941345952488,22,Videos\classifier_dataset\CONFIRMED_RAIDER_DEFENDER_CONTACT\CONFIRMED_RAIDER_DEFENDER_CONTACT_f00111_s0_o5.mp4,Videos\classifier_dataset\CONFIRMED_RAIDER_DEFENDER_CONTACT\CONFIRMED_RAIDER_DEFENDER_CONTACT_f00111_s0_o5.json,,
CONFIRMED_RAIDER_DEFENDER_CONTACT_f00131_s0_o1,CONFIRMED_RAIDER_DEFENDER_CONTACT,HHI,131,120,141,0,1,,0.603120224492502,0.5801667988716359,22,Videos\classifier_dataset\CONFIRMED_RAIDER_DEFENDER_CONTACT\CONFIRMED_RAIDER_DEFENDER_CONTACT_f00131_s0_o1.mp4,Videos\classifier_dataset\CONFIRMED_RAIDER_DEFENDER_CONTACT\CONFIRMED_RAIDER_DEFENDER_CONTACT_f00131_s0_o1.json,,
CONFIRMED_RAIDER_BONUS_TOUCH_f00136_s0_oBONUS,CONFIRMED_RAIDER_BONUS_TOUCH,HLI,136,100,146,0,BONUS,BONUS,0.6230460929556751,0.5,47,Videos\classifier_dataset\CONFIRMED_RAIDER_BONUS_TOUCH\CONFIRMED_RAIDER_BONUS_TOUCH_f00136_s0_oBONUS.mp4,Videos\classifier_dataset\CONFIRMED_RAIDER_BONUS_TOUCH\CONFIRMED_RAIDER_BONUS_TOUCH_f00136_s0_oBONUS.json,,
CONFIRMED_RAIDER_DEFENDER_CONTACT_f00139_s0_o6,CONFIRMED_RAIDER_DEFENDER_CONTACT,HHI,139,128,149,0,6,,0.5823980085127776,0.5817895213944776,22,Videos\classifier_dataset\CONFIRMED_RAIDER_DEFENDER_CONTACT\CONFIRMED_RAIDER_DEFENDER_CONTACT_f00139_s0_o6.mp4,Videos\classifier_dataset\CONFIRMED_RAIDER_DEFENDER_CONTACT\CONFIRMED_RAIDER_DEFENDER_CONTACT_f00139_s0_o6.json,,
CONFIRMED_RAIDER_DEFENDER_CONTACT_f00207_s0_o6,CONFIRMED_RAIDER_DEFENDER_CONTACT,HHI,207,194,217,0,6,,0.6207647125312674,0.5448232095412882,24,Videos\classifier_dataset\CONFIRMED_RAIDER_DEFENDER_CONTACT\CONFIRMED_RAIDER_DEFENDER_CONTACT_f00207_s0_o6.mp4,Videos\classifier_dataset\CONFIRMED_RAIDER_DEFENDER_CONTACT\CONFIRMED_RAIDER_DEFENDER_CONTACT_f00207_s0_o6.json,,
CONFIRMED_RAIDER_DEFENDER_CONTACT_f00213_s0_o8,CONFIRMED_RAIDER_DEFENDER_CONTACT,HHI,213,202,223,0,8,,0.783465741774366,0.7434130278749409,22,Videos\classifier_dataset\CONFIRMED_RAIDER_DEFENDER_CONTACT\CONFIRMED_RAIDER_DEFENDER_CONTACT_f00213_s0_o8.mp4,Videos\classifier_dataset\CONFIRMED_RAIDER_DEFENDER_CONTACT\CONFIRMED_RAIDER_DEFENDER_CONTACT_f00213_s0_o8.json,,
CONFIRMED_RAIDER_BONUS_TOUCH_f00198_s1_oBONUS,CONFIRMED_RAIDER_BONUS_TOUCH,HLI,198,187,208,1,BONUS,BONUS,0.6924200296401977,0.5,22,Videos\classifier_dataset\CONFIRMED_RAIDER_BONUS_TOUCH\CONFIRMED_RAIDER_BONUS_TOUCH_f00198_s1_oBONUS.mp4,Videos\classifier_dataset\CONFIRMED_RAIDER_BONUS_TOUCH\CONFIRMED_RAIDER_BONUS_TOUCH_f00198_s1_oBONUS.json,,
CONFIRMED_RAIDER_DEFENDER_CONTACT_f00308_s1_o0,CONFIRMED_RAIDER_DEFENDER_CONTACT,HHI,308,297,318,1,0,,0.5918136572022711,0.5698164639819351,22,Videos\classifier_dataset\CONFIRMED_RAIDER_DEFENDER_CONTACT\CONFIRMED_RAIDER_DEFENDER_CONTACT_f00308_s1_o0.mp4,Videos\classifier_dataset\CONFIRMED_RAIDER_DEFENDER_CONTACT\CONFIRMED_RAIDER_DEFENDER_CONTACT_f00308_s1_o0.json,,
CONFIRMED_RAIDER_DEFENDER_CONTACT_f00343_s1_o0,CONFIRMED_RAIDER_DEFENDER_CONTACT,HHI,343,331,353,1,0,,0.6166046696102645,0.6535467101126975,23,Videos\classifier_dataset\CONFIRMED_RAIDER_DEFENDER_CONTACT\CONFIRMED_RAIDER_DEFENDER_CONTACT_f00343_s1_o0.mp4,Videos\classifier_dataset\CONFIRMED_RAIDER_DEFENDER_CONTACT\CONFIRMED_RAIDER_DEFENDER_CONTACT_f00343_s1_o0.json,,
CONFIRMED_RAIDER_DEFENDER_CONTACT_f00358_s1_o0,CONFIRMED_RAIDER_DEFENDER_CONTACT,HHI,358,347,368,1,0,,0.820349853143751,0.7640562477351709,22,Videos\classifier_dataset\CONFIRMED_RAIDER_DEFENDER_CONTACT\CONFIRMED_RAIDER_DEFENDER_CONTACT_f00358_s1_o0.mp4,Videos\classifier_dataset\CONFIRMED_RAIDER_DEFENDER_CONTACT\CONFIRMED_RAIDER_DEFENDER_CONTACT_f00358_s1_o0.json,,
CONFIRMED_RAIDER_DEFENDER_CONTACT_f00358_s1_o2,CONFIRMED_RAIDER_DEFENDER_CONTACT,HHI,358,347,368,1,2,,0.6267147378637699,0.5845034312492379,22,Videos\classifier_dataset\CONFIRMED_RAIDER_DEFENDER_CONTACT\CONFIRMED_RAIDER_DEFENDER_CONTACT_f00358_s1_o2.mp4,Videos\classifier_dataset\CONFIRMED_RAIDER_DEFENDER_CONTACT\CONFIRMED_RAIDER_DEFENDER_CONTACT_f00358_s1_o2.json,,
CONFIRMED_RAIDER_DEFENDER_CONTACT_f00246_s1_o2,CONFIRMED_RAIDER_DEFENDER_CONTACT,HHI,246,235,256,1,2,,0.7446752621403112,0.7232096974230744,22,Videos\classifier_dataset\CONFIRMED_RAIDER_DEFENDER_CONTACT\CONFIRMED_RAIDER_DEFENDER_CONTACT_f00246_s1_o2.mp4,Videos\classifier_dataset\CONFIRMED_RAIDER_DEFENDER_CONTACT\CONFIRMED_RAIDER_DEFENDER_CONTACT_f00246_s1_o2.json,,
CONFIRMED_RAIDER_DEFENDER_CONTACT_f00400_s1_o0,CONFIRMED_RAIDER_DEFENDER_CONTACT,HHI,400,374,410,1,0,,0.5858568677153506,0.43340495448468097,37,Videos\classifier_dataset\CONFIRMED_RAIDER_DEFENDER_CONTACT\CONFIRMED_RAIDER_DEFENDER_CONTACT_f00400_s1_o0.mp4,Videos\classifier_dataset\CONFIRMED_RAIDER_DEFENDER_CONTACT\CONFIRMED_RAIDER_DEFENDER_CONTACT_f00400_s1_o0.json,,
CONFIRMED_RAIDER_DEFENDER_CONTACT_f00445_s1_o0,CONFIRMED_RAIDER_DEFENDER_CONTACT,HHI,445,434,455,1,0,,0.7936719749705687,0.6716642018002013,22,Videos\classifier_dataset\CONFIRMED_RAIDER_DEFENDER_CONTACT\CONFIRMED_RAIDER_DEFENDER_CONTACT_f00445_s1_o0.mp4,Videos\classifier_dataset\CONFIRMED_RAIDER_DEFENDER_CONTACT\CONFIRMED_RAIDER_DEFENDER_CONTACT_f00445_s1_o0.json,,
CONFIRMED_RAIDER_BAULK_TOUCH_f00354_s6_oBAULK,CONFIRMED_RAIDER_BAULK_TOUCH,HLI,354,343,364,6,BAULK,BAULK,0.7048184871673584,0.5,22,Videos\classifier_dataset\CONFIRMED_RAIDER_BAULK_TOUCH\CONFIRMED_RAIDER_BAULK_TOUCH_f00354_s6_oBAULK.mp4,Videos\classifier_dataset\CONFIRMED_RAIDER_BAULK_TOUCH\CONFIRMED_RAIDER_BAULK_TOUCH_f00354_s6_oBAULK.json,,
CONFIRMED_RAIDER_DEFENDER_CONTACT_f00357_s6_o10,CONFIRMED_RAIDER_DEFENDER_CONTACT,HHI,357,346,367,6,10,,0.6267145172415145,0.47364002855071635,22,Videos\classifier_dataset\CONFIRMED_RAIDER_DEFENDER_CONTACT\CONFIRMED_RAIDER_DEFENDER_CONTACT_f00357_s6_o10.mp4,Videos\classifier_dataset\CONFIRMED_RAIDER_DEFENDER_CONTACT\CONFIRMED_RAIDER_DEFENDER_CONTACT_f00357_s6_o10.json,,
CONFIRMED_RAIDER_DEFENDER_CONTACT_f00359_s6_o4,CONFIRMED_RAIDER_DEFENDER_CONTACT,HHI,359,348,369,6,4,,0.7067382918997895,0.6303996709993214,22,Videos\classifier_dataset\CONFIRMED_RAIDER_DEFENDER_CONTACT\CONFIRMED_RAIDER_DEFENDER_CONTACT_f00359_s6_o4.mp4,Videos\classifier_dataset\CONFIRMED_RAIDER_DEFENDER_CONTACT\CONFIRMED_RAIDER_DEFENDER_CONTACT_f00359_s6_o4.json,,
CONFIRMED_RAIDER_DEFENDER_CONTACT_f00365_s6_o4,CONFIRMED_RAIDER_DEFENDER_CONTACT,HHI,365,354,375,6,4,,0.6375547578003107,0.5167612855797258,22,Videos\classifier_dataset\CONFIRMED_RAIDER_DEFENDER_CONTACT\CONFIRMED_RAIDER_DEFENDER_CONTACT_f00365_s6_o4.mp4,Videos\classifier_dataset\CONFIRMED_RAIDER_DEFENDER_CONTACT\CONFIRMED_RAIDER_DEFENDER_CONTACT_f00365_s6_o4.json,,
CONFIRMED_RAIDER_DEFENDER_CONTACT_f00399_s6_o4,CONFIRMED_RAIDER_DEFENDER_CONTACT,HHI,399,388,409,6,4,,0.6962097614385986,0.6495222969299315,22,Videos\classifier_dataset\CONFIRMED_RAIDER_DEFENDER_CONTACT\CONFIRMED_RAIDER_DEFENDER_CONTACT_f00399_s6_o4.mp4,Videos\classifier_dataset\CONFIRMED_RAIDER_DEFENDER_CONTACT\CONFIRMED_RAIDER_DEFENDER_CONTACT_f00399_s6_o4.json,,
CONFIRMED_RAIDER_DEFENDER_CONTACT_f00087_s4_o1,CONFIRMED_RAIDER_DEFENDER_CONTACT,HHI,87,76,97,4,1,,0.6000644923195714,0.5853870513403102,22,Videos\classifier_dataset\CONFIRMED_RAIDER_DEFENDER_CONTACT\CONFIRMED_RAIDER_DEFENDER_CONTACT_f00087_s4_o1.mp4,Videos\classifier_dataset\CONFIRMED_RAIDER_DEFENDER_CONTACT\CONFIRMED_RAIDER_DEFENDER_CONTACT_f00087_s4_o1.json,,
CONFIRMED_RAIDER_DEFENDER_CONTACT_f00114_s4_o2,CONFIRMED_RAIDER_DEFENDER_CONTACT,HHI,114,103,124,4,2,,0.5865310504812435,0.44959660241465693,22,Videos\classifier_dataset\CONFIRMED_RAIDER_DEFENDER_CONTACT\CONFIRMED_RAIDER_DEFENDER_CONTACT_f00114_s4_o2.mp4,Videos\classifier_dataset\CONFIRMED_RAIDER_DEFENDER_CONTACT\CONFIRMED_RAIDER_DEFENDER_CONTACT_f00114_s4_o2.json,,
CONFIRMED_RAIDER_DEFENDER_CONTACT_f00165_s4_o2,CONFIRMED_RAIDER_DEFENDER_CONTACT,HHI,165,154,175,4,2,,0.6543055447975988,0.6071091674368072,22,Videos\classifier_dataset\CONFIRMED_RAIDER_DEFENDER_CONTACT\CONFIRMED_RAIDER_DEFENDER_CONTACT_f00165_s4_o2.mp4,Videos\classifier_dataset\CONFIRMED_RAIDER_DEFENDER_CONTACT\CONFIRMED_RAIDER_DEFENDER_CONTACT_f00165_s4_o2.json,,
CONFIRMED_RAIDER_BAULK_TOUCH_f00151_s7_oBAULK,CONFIRMED_RAIDER_BAULK_TOUCH,HLI,151,140,161,7,BAULK,BAULK,0.6574468493461609,0.5,22,Videos\classifier_dataset\CONFIRMED_RAIDER_BAULK_TOUCH\CONFIRMED_RAIDER_BAULK_TOUCH_f00151_s7_oBAULK.mp4,Videos\classifier_dataset\CONFIRMED_RAIDER_BAULK_TOUCH\CONFIRMED_RAIDER_BAULK_TOUCH_f00151_s7_oBAULK.json,,
